Title,Occurence,HolidayDate,"Pay and Leave Holiday Date (if SAT, then FRI if SUN  then MON)",Month,Day,Year,WeekDay
New Year's Day,Year Start,1/1/04,1/1/04,1,1,2004,5
"Birthday of Martin Luther King, Jr",Third Monday of Jan,1/19/04,1/19/04,1,19,2004,2
Washington's Birthday,Third Monday in Feb,2/16/04,2/16/04,2,16,2004,2
Memorial Day,Last Monday in May,5/31/04,5/31/04,5,31,2004,2
Independence Day,Annual,7/4/04,7/5/04,7,4,2004,1
Labor Day,First Monday in Sept,9/6/04,9/6/04,9,6,2004,2
Columbus Day,Second Monday in Oct,10/11/04,10/11/04,10,11,2004,2
Veterans Day,Annual,11/11/04,11/11/04,11,11,2004,5
Thanksgiving Day,Fourth Thursday in Nov,11/25/04,11/25/04,11,25,2004,5
Christmas Day,Annual,12/25/04,12/24/04,12,25,2004,7
New Year's Day,Year Start,1/1/05,12/31/04,1,1,2005,7
"Birthday of Martin Luther King, Jr",Third Monday of Jan,1/17/05,1/17/05,1,17,2005,2
Washington's Birthday,Third Monday in Feb,2/21/05,2/21/05,2,21,2005,2
Memorial Day,Last Monday in May,5/30/05,5/30/05,5,30,2005,2
Independence Day,Annual,7/4/05,7/4/05,7,4,2005,2
Labor Day,First Monday in Sept,9/5/05,9/5/05,9,5,2005,2
Columbus Day,Second Monday in Oct,10/10/05,10/10/05,10,10,2005,2
Veterans Day,Annual,11/11/05,11/11/05,11,11,2005,6
Thanksgiving Day,Fourth Thursday in Nov,11/24/05,11/24/05,11,24,2005,5
Christmas Day,Annual,12/25/05,12/26/05,12,25,2005,1
New Year's Day,Year Start,1/1/06,1/2/06,1,1,2006,1
"Birthday of Martin Luther King, Jr",Third Monday of Jan,1/16/06,1/16/06,1,16,2006,2
Washington's Birthday,Third Monday in Feb,2/20/06,2/20/06,2,20,2006,2
Memorial Day,Last Monday in May,5/29/06,5/29/06,5,29,2006,2
Independence Day,Annual,7/4/06,7/4/06,7,4,2006,3
Labor Day,First Monday in Sept,9/4/06,9/4/06,9,4,2006,2
Columbus Day,Second Monday in Oct,10/9/06,10/9/06,10,9,2006,2
Veterans Day,Annual,11/11/06,11/10/06,11,11,2006,7
Thanksgiving Day,Fourth Thursday in Nov,11/23/06,11/23/06,11,23,2006,5
Christmas Day,Annual,12/25/06,12/25/06,12,25,2006,2
New Year's Day,Year Start,1/1/07,1/1/07,1,1,2007,2
"Birthday of Martin Luther King, Jr",Third Monday of Jan,1/15/07,1/15/07,1,15,2007,2
Washington's Birthday,Third Monday in Feb,2/19/07,2/19/07,2,19,2007,2
Memorial Day,Last Monday in May,5/28/07,5/28/07,5,28,2007,2
Independence Day,Annual,7/4/07,7/4/07,7,4,2007,4
Labor Day,First Monday in Sept,9/3/07,9/3/07,9,3,2007,2
Columbus Day,Second Monday in Oct,10/8/07,10/8/07,10,8,2007,2
Veterans Day,Annual,11/11/07,11/12/07,11,11,2007,1
Thanksgiving Day,Fourth Thursday in Nov,11/22/07,11/22/07,11,22,2007,5
Christmas Day,Annual,12/25/07,12/25/07,12,25,2007,3
New Year's Day,Year Start,1/1/08,1/1/08,1,1,2008,3
"Birthday of Martin Luther King, Jr",Third Monday of Jan,1/21/08,1/21/08,1,21,2008,2
Washington's Birthday,Third Monday in Feb,2/18/08,2/18/08,2,18,2008,2
Memorial Day,Last Monday in May,5/26/08,5/26/08,5,26,2008,2
Independence Day,Annual,7/4/08,7/4/08,7,4,2008,6
Labor Day,First Monday in Sept,9/1/08,9/1/08,9,1,2008,2
Columbus Day,Second Monday in Oct,10/13/08,10/13/08,10,13,2008,2
Veterans Day,Annual,11/11/08,11/11/08,11,11,2008,3
Thanksgiving Day,Fourth Thursday in Nov,11/27/08,11/27/08,11,27,2008,5
Christmas Day,Annual,12/25/08,12/25/08,12,25,2008,5
New Year's Day,Year Start,1/1/09,1/1/09,1,1,2009,5
"Birthday of Martin Luther King, Jr",Third Monday of Jan,1/19/09,1/19/09,1,19,2009,2
Washington's Birthday,Third Monday in Feb,2/16/09,2/16/09,2,16,2009,2
Memorial Day,Last Monday in May,5/25/09,5/25/09,5,25,2009,2
Independence Day,Annual,7/4/09,7/3/09,7,4,2009,7
Labor Day,First Monday in Sept,9/7/09,9/7/09,9,7,2009,2
Columbus Day,Second Monday in Oct,10/12/09,10/12/09,10,12,2009,2
Veterans Day,Annual,11/11/09,11/11/09,11,11,2009,4
Thanksgiving Day,Fourth Thursday in Nov,11/26/09,11/26/09,11,26,2009,5
Christmas Day,Annual,12/25/09,12/25/09,12,25,2009,6
New Year's Day,Year Start,1/1/10,1/1/10,1,1,2010,6
"Birthday of Martin Luther King, Jr",Third Monday of Jan,1/18/10,1/18/10,1,18,2010,2
Washington's Birthday,Third Monday in Feb,2/15/10,2/15/10,2,15,2010,2
Memorial Day,Last Monday in May,5/31/10,5/31/10,5,31,2010,2
Independence Day,Annual,7/4/10,7/5/10,7,4,2010,1
Labor Day,First Monday in Sept,9/6/10,9/6/10,9,6,2010,2
Columbus Day,Second Monday in Oct,10/11/10,10/11/10,10,11,2010,2
Veterans Day,Annual,11/11/10,11/11/10,11,11,2010,5
Thanksgiving Day,Fourth Thursday in Nov,11/25/10,11/25/10,11,25,2010,5
Christmas Day,Annual,12/25/10,12/24/10,12,25,2010,7
New Year's Day,Year Start,1/1/11,12/31/10,1,1,2011,7
"Birthday of Martin Luther King, Jr",Third Monday of Jan,1/17/11,1/17/11,1,17,2011,2
Washington's Birthday,Third Monday in Feb,2/21/11,2/21/11,2,21,2011,2
Memorial Day,Last Monday in May,5/30/11,5/30/11,5,30,2011,2
Independence Day,Annual,7/4/11,7/4/11,7,4,2011,2
Labor Day,First Monday in Sept,9/5/11,9/5/11,9,5,2011,2
Columbus Day,Second Monday in Oct,10/10/11,10/10/11,10,10,2011,2
Veterans Day,Annual,11/11/11,11/11/11,11,11,2011,6
Thanksgiving Day,Fourth Thursday in Nov,11/24/11,11/24/11,11,24,2011,5
Christmas Day,Annual,12/25/11,12/26/11,12,25,2011,1
New Year's Day,Year Start,1/1/12,1/2/12,1,1,2012,1
"Birthday of Martin Luther King, Jr",Third Monday of Jan,1/16/12,1/16/12,1,16,2012,2
Washington's Birthday,Third Monday in Feb,2/20/12,2/20/12,2,20,2012,2
Memorial Day,Last Monday in May,5/28/12,5/28/12,5,28,2012,2
Independence Day,Annual,7/4/12,7/4/12,7,4,2012,4
Labor Day,First Monday in Sept,9/3/12,9/3/12,9,3,2012,2
Columbus Day,Second Monday in Oct,10/8/12,10/8/12,10,8,2012,2
Veterans Day,Annual,11/11/12,11/12/12,11,12,2012,2
Thanksgiving Day,Fourth Thursday in Nov,11/22/12,11/22/12,11,22,2012,5
Christmas Day,Annual,12/25/12,12/25/12,12,25,2012,3
New Year's Day,Year Start,1/1/13,1/1/13,1,1,2013,3
"Birthday of Martin Luther King, Jr",Third Monday of Jan,1/21/13,1/21/13,1,21,2013,2
Washington's Birthday,Third Monday in Feb,2/18/13,2/18/13,2,18,2013,2
Memorial Day,Last Monday in May,5/27/13,5/27/13,5,27,2013,2
Independence Day,Annual,7/4/13,7/4/13,7,4,2013,5
Labor Day,First Monday in Sept,9/2/13,9/2/13,9,2,2013,2
Columbus Day,Second Monday in Oct,10/14/13,10/14/13,10,14,2013,2
Veterans Day,Annual,11/11/13,11/11/13,11,11,2013,2
Thanksgiving Day,Fourth Thursday in Nov,11/28/13,11/28/13,11,28,2013,5
Christmas Day,Annual,12/25/13,12/25/13,12,25,2013,4
New Year's Day,Year Start,1/1/14,1/1/14,1,1,2014,4
"Birthday of Martin Luther King, Jr",Third Monday of Jan,1/20/14,1/20/14,1,20,2014,2
Washington's Birthday,Third Monday in Feb,2/17/14,2/17/14,2,17,2014,2
Memorial Day,Last Monday in May,5/26/14,5/26/14,5,26,2014,2
Independence Day,Annual,7/4/14,7/4/14,7,4,2014,6
Labor Day,First Monday in Sept,9/1/14,9/1/14,9,1,2014,2
Columbus Day,Second Monday in Oct,10/13/14,10/13/14,10,13,2014,2
Veterans Day,Annual,11/11/14,11/11/14,11,11,2014,3
Thanksgiving Day,Fourth Thursday in Nov,11/27/14,11/27/14,11,27,2014,5
Christmas Day,Annual,12/25/14,12/25/14,12,25,2014,5
New Year's Day,Year Start,1/1/15,1/1/15,1,1,2015,5
"Birthday of Martin Luther King, Jr",Third Monday of Jan,1/19/15,1/19/15,1,19,2015,2
Washington's Birthday,Third Monday in Feb,2/16/15,2/16/15,2,16,2015,2
Memorial Day,Last Monday in May,5/25/15,5/25/15,5,25,2015,2
Independence Day,Annual,7/4/15,7/3/15,7,4,2015,7
Labor Day,First Monday in Sept,9/7/15,9/7/15,9,7,2015,2
Columbus Day,Second Monday in Oct,10/12/15,10/12/15,10,12,2015,2
Veterans Day,Annual,11/11/15,11/11/15,11,11,2015,4
Thanksgiving Day,Fourth Thursday in Nov,11/26/15,11/26/15,11,26,2015,5
Christmas Day,Annual,12/25/15,12/25/15,12,25,2015,6
New Year's Day,Year Start,1/1/16,1/1/16,1,1,2016,6
"Birthday of Martin Luther King, Jr",Third Monday of Jan,1/18/16,1/18/16,1,18,2016,2
Washington's Birthday,Third Monday in Feb,2/15/16,2/15/16,2,15,2016,2
Memorial Day,Last Monday in May,5/23/16,5/23/16,5,23,2016,2
Independence Day,Annual,7/4/16,7/4/16,7,4,2016,2
Labor Day,First Monday in Sept,9/5/16,9/5/16,9,5,2016,2
Columbus Day,Second Monday in Oct,10/10/16,10/10/16,10,10,2016,2
Veterans Day,Annual,11/11/16,11/11/16,11,11,2016,6
Thanksgiving Day,Fourth Thursday in Nov,11/24/16,11/24/16,11,24,2016,5
Christmas Day,Annual,12/25/16,12/26/16,12,25,2016,1
New Year's Day,Year Start,1/1/17,1/2/17,1,1,2017,1
"Birthday of Martin Luther King, Jr",Third Monday of Jan,1/16/17,1/16/17,1,16,2017,2
Washington's Birthday,Third Monday in Feb,2/20/17,2/20/17,2,20,2017,2
Memorial Day,Last Monday in May,5/22/17,5/22/17,5,22,2017,2
Independence Day,Annual,7/4/17,7/4/17,7,4,2017,3
Labor Day,First Monday in Sept,9/4/17,9/4/17,9,4,2017,2
Columbus Day,Second Monday in Oct,10/9/17,10/9/17,10,9,2017,2
Veterans Day,Annual,11/11/17,11/10/17,11,11,2017,7
Thanksgiving Day,Fourth Thursday in Nov,11/23/17,11/23/17,11,23,2017,5
Christmas Day,Annual,12/25/17,12/25/17,12,25,2017,2
New Year's Day,Year Start,1/1/18,1/1/18,1,1,2018,2
"Birthday of Martin Luther King, Jr",Third Monday of Jan,1/15/18,1/15/18,1,15,2018,2
Washington's Birthday,Third Monday in Feb,2/19/18,2/19/18,2,19,2018,2
Memorial Day,Last Monday in May,5/28/18,5/28/18,5,28,2018,2
Independence Day,Annual,7/4/18,7/4/18,7,4,2018,4
Labor Day,First Monday in Sept,9/3/18,9/3/18,9,3,2018,2
Columbus Day,Second Monday in Oct,10/8/18,10/8/18,10,8,2018,2
Veterans Day,Annual,11/11/18,11/12/18,11,11,2018,1
Thanksgiving Day,Fourth Thursday in Nov,11/22/18,11/22/18,11,22,2018,5
Christmas Day,Annual,12/25/18,12/25/18,12,25,2018,3
New Year's Day,Year Start,1/1/19,1/1/19,1,1,2019,3
"Birthday of Martin Luther King, Jr",Third Monday of Jan,1/21/19,1/21/19,1,21,2019,2
Washington's Birthday,Third Monday in Feb,2/18/19,2/18/19,2,18,2019,2
Memorial Day,Last Monday in May,5/27/19,5/27/19,5,27,2019,2
Independence Day,Annual,7/4/19,7/4/19,7,4,2019,5
Labor Day,First Monday in Sept,9/2/19,9/2/19,9,2,2019,2
Columbus Day,Second Monday in Oct,10/14/19,10/14/19,10,14,2019,2
Veterans Day,Annual,11/11/19,11/11/19,11,11,2019,2
Thanksgiving Day,Fourth Thursday in Nov,11/28/19,11/28/19,11,28,2019,5
Christmas Day,Annual,12/25/19,12/25/19,12,25,2019,4
New Year's Day,Year Start,1/1/20,1/1/20,1,1,2020,4
"Birthday of Martin Luther King, Jr",Third Monday of Jan,1/20/20,1/20/20,1,20,2020,2
Washington's Birthday,Third Monday in Feb,2/17/20,2/17/20,2,17,2020,2
Memorial Day,Last Monday in May,5/25/20,5/25/20,5,25,2020,2
Independence Day,Annual,7/4/20,7/3/20,7,4,2020,7
Labor Day,First Monday in Sept,9/7/20,9/7/20,9,7,2020,2
Columbus Day,Second Monday in Oct,10/12/20,10/12/20,10,12,2020,2
Veterans Day,Annual,11/11/20,11/11/20,11,11,2020,4
Thanksgiving Day,Fourth Thursday in Nov,11/26/20,11/26/20,11,26,2020,5
Christmas Day,Annual,12/25/20,12/25/20,12,25,2020,6
New Year's Day,Year Start,1/1/21,1/1/21,1,1,2021,6
"Birthday of Martin Luther King, Jr",Third Monday of Jan,1/18/21,1/18/21,1,18,2021,2
Washington's Birthday,Third Monday in Feb,2/15/21,2/15/21,2,15,2021,2
Memorial Day,Last Monday in May,5/24/21,5/24/21,5,24,2021,2
Juneteenth National Independence Day,Annual,6/19/21,6/18/21,6,19,2021,7
Independence Day,Annual,7/4/21,7/5/21,7,4,2021,1
Labor Day,First Monday in Sept,9/6/21,9/6/21,9,6,2021,2
Columbus Day,Second Monday in Oct,10/11/21,10/11/21,10,11,2021,2
Veterans Day,Annual,11/11/21,11/11/21,11,11,2021,5
Thanksgiving Day,Fourth Thursday in Nov,11/25/21,11/25/21,11,25,2021,5
Christmas Day,Annual,12/25/21,12/24/21,12,25,2021,7
New Year's Day,Year Start,1/1/22,12/31/21,1,1,2022,7
"Birthday of Martin Luther King, Jr",Third Monday of Jan,1/17/22,1/17/22,1,17,2022,2
Washington's Birthday,Third Monday in Feb,2/21/22,2/21/22,2,21,2022,2
Memorial Day,Last Monday in May,5/23/22,5/23/22,5,23,2022,2
Juneteenth National Independence Day,Annual,6/19/22,6/20/22,6,19,2022,1
Independence Day,Annual,7/4/22,7/4/22,7,4,2022,2
Labor Day,First Monday in Sept,9/5/22,9/5/22,9,5,2022,2
Columbus Day,Second Monday in Oct,10/10/22,10/10/22,10,10,2022,2
Veterans Day,Annual,11/11/22,11/11/22,11,11,2022,6
Thanksgiving Day,Fourth Thursday in Nov,11/24/22,11/24/22,11,24,2022,5
Christmas Day,Annual,12/25/22,12/26/22,12,25,2022,1
New Year's Day,Year Start,1/1/23,1/2/23,1,1,2023,1
"Birthday of Martin Luther King, Jr",Third Monday of Jan,1/16/23,1/16/23,1,16,2023,2
Washington's Birthday,Third Monday in Feb,2/20/23,2/20/23,2,20,2023,2
Memorial Day,Last Monday in May,5/22/23,5/22/23,5,22,2023,2
Juneteenth National Independence Day,Annual,6/19/23,6/19/23,6,19,2023,2
Independence Day,Annual,7/4/23,7/4/23,7,4,2023,3
Labor Day,First Monday in Sept,9/4/23,9/4/23,9,4,2023,2
Columbus Day,Second Monday in Oct,10/9/23,10/9/23,10,9,2023,2
Veterans Day,Annual,11/11/23,11/10/23,11,11,2023,7
Thanksgiving Day,Fourth Thursday in Nov,11/23/23,11/23/23,11,23,2023,5
Christmas Day,Annual,12/25/23,12/25/23,12,25,2023,2
New Year's Day,Year Start,1/1/24,1/1/24,1,1,2024,2
"Birthday of Martin Luther King, Jr",Third Monday of Jan,1/15/24,1/15/24,1,15,2024,2
Washington's Birthday,Third Monday in Feb,2/19/24,2/19/24,2,19,2024,2
Memorial Day,Last Monday in May,5/27/24,5/27/24,5,27,2024,2
Juneteenth National Independence Day,Annual,6/19/24,6/19/24,6,19,2024,4
Independence Day,Annual,7/4/24,7/4/24,7,4,2024,5
Labor Day,First Monday in Sept,9/2/24,9/2/24,9,2,2024,2
Columbus Day,Second Monday in Oct,10/14/24,10/14/24,10,14,2024,2
Veterans Day,Annual,11/11/24,11/11/24,11,11,2024,2
Thanksgiving Day,Fourth Thursday in Nov,11/28/24,11/28/24,11,28,2024,5
Christmas Day,Annual,12/25/24,12/25/24,12,25,2024,4
New Year's Day,Year Start,1/1/25,1/1/25,1,1,2025,4
"Birthday of Martin Luther King, Jr",Third Monday of Jan,1/20/25,1/20/25,1,20,2025,2
Washington's Birthday,Third Monday in Feb,2/17/25,2/17/25,2,17,2025,2
Memorial Day,Last Monday in May,5/26/25,5/26/25,5,26,2025,2
Juneteenth National Independence Day,Annual,6/19/25,6/19/25,6,19,2025,5
Independence Day,Annual,7/4/25,7/4/25,7,4,2025,6
Labor Day,First Monday in Sept,9/1/25,9/1/25,9,1,2025,2
Columbus Day,Second Monday in Oct,10/13/25,10/13/25,10,13,2025,2
Veterans Day,Annual,11/11/25,11/11/25,11,11,2025,3
Thanksgiving Day,Fourth Thursday in Nov,11/27/25,11/27/25,11,27,2025,5
Christmas Day,Annual,12/25/25,12/25/25,12,25,2025,5
New Year's Day,Year Start,1/1/26,1/1/26,1,1,2026,5
"Birthday of Martin Luther King, Jr",Third Monday of Jan,1/19/26,1/19/26,1,19,2026,2
Washington's Birthday,Third Monday in Feb,2/16/26,2/16/26,2,16,2026,2
Memorial Day,Last Monday in May,5/25/26,5/25/26,5,25,2026,2
Juneteenth National Independence Day,Annual,6/19/26,6/19/26,6,19,2026,6
Independence Day,Annual,7/4/26,7/3/26,7,4,2026,7
Labor Day,First Monday in Sept,9/7/26,9/7/26,9,7,2026,2
Columbus Day,Second Monday in Oct,10/12/26,10/12/26,10,12,2026,2
Veterans Day,Annual,11/11/26,11/11/26,11,11,2026,4
Thanksgiving Day,Fourth Thursday in Nov,11/26/26,11/26/26,11,26,2026,5
Christmas Day,Annual,12/25/26,12/25/26,12,25,2026,6
New Year's Day,Year Start,1/1/27,1/1/27,1,1,2027,6
"Birthday of Martin Luther King, Jr",Third Monday of Jan,1/18/27,1/18/27,1,18,2027,2
Washington's Birthday,Third Monday in Feb,2/15/27,2/15/27,2,15,2027,2
Memorial Day,Last Monday in May,5/24/27,5/24/27,5,24,2027,2
Juneteenth National Independence Day,Annual,6/19/27,6/18/27,6,19,2027,7
Independence Day,Annual,7/4/27,7/5/27,7,4,2027,1
Labor Day,First Monday in Sept,9/6/27,9/6/27,9,6,2027,2
Columbus Day,Second Monday in Oct,10/11/27,10/11/27,10,11,2027,2
Veterans Day,Annual,11/11/27,11/11/27,11,11,2027,5
Thanksgiving Day,Fourth Thursday in Nov,11/25/27,11/25/27,11,25,2027,5
Christmas Day,Annual,12/25/27,12/24/27,12,25,2027,7
New Year's Day,Year Start,1/1/28,12/31/27,1,1,2028,7
"Birthday of Martin Luther King, Jr",Third Monday of Jan,1/17/28,1/17/28,1,17,2028,2
Washington's Birthday,Third Monday in Feb,2/21/28,2/21/28,2,21,2028,2
Memorial Day,Last Monday in May,5/22/28,5/22/28,5,22,2028,2
Juneteenth National Independence Day,Annual,6/19/28,6/19/28,6,19,2028,2
Independence Day,Annual,7/4/28,7/4/28,7,4,2028,3
Labor Day,First Monday in Sept,9/4/28,9/4/28,9,4,2028,2
Columbus Day,Second Monday in Oct,10/9/28,10/9/28,10,9,2028,2
Veterans Day,Annual,11/11/28,11/10/28,11,11,2028,7
Thanksgiving Day,Fourth Thursday in Nov,11/23/28,11/23/28,11,23,2028,5
Christmas Day,Annual,12/25/28,12/25/28,12,25,2028,2
New Year's Day,Year Start,1/1/29,1/1/29,1,1,2029,2
"Birthday of Martin Luther King, Jr",Third Monday of Jan,1/15/29,1/15/29,1,15,2029,2
Washington's Birthday,Third Monday in Feb,2/19/29,2/19/29,2,19,2029,2
Memorial Day,Last Monday in May,5/28/29,5/28/29,5,28,2029,2
Juneteenth National Independence Day,Annual,6/19/29,6/19/29,6,19,2029,3
Independence Day,Annual,7/4/29,7/4/29,7,4,2029,4
Labor Day,First Monday in Sept,9/3/29,9/3/29,9,3,2029,2
Columbus Day,Second Monday in Oct,10/8/29,10/8/29,10,8,2029,2
Veterans Day,Annual,11/11/29,11/12/29,11,11,2029,1
Thanksgiving Day,Fourth Thursday in Nov,11/22/29,11/22/29,11,22,2029,5
Christmas Day,Annual,12/25/29,12/25/29,12,25,2029,3
New Year's Day,Year Start,1/1/30,1/1/30,1,1,2030,3
"Birthday of Martin Luther King, Jr",Third Monday of Jan,1/21/30,1/21/30,1,21,2030,2
Washington's Birthday,Third Monday in Feb,2/18/30,2/18/30,2,18,2030,2
Memorial Day,Last Monday in May,5/27/30,5/27/30,5,27,2030,2
Juneteenth National Independence Day,Annual,6/19/30,6/19/30,6,19,2030,4
Independence Day,Annual,7/4/30,7/4/30,7,4,2030,5
Labor Day,First Monday in Sept,9/2/30,9/2/30,9,2,2030,2
Columbus Day,Second Monday in Oct,10/14/30,10/14/30,10,14,2030,2
Veterans Day,Annual,11/11/30,11/11/30,11,11,2030,2
Thanksgiving Day,Fourth Thursday in Nov,11/28/30,11/28/30,11,28,2030,5
Christmas Day,Annual,12/25/30,12/25/30,12,25,2030,4
New Year's Day,Year Start,1/1/31,1/1/31,1,1,2031,4
"Birthday of Martin Luther King, Jr",Third Monday of Jan,1/20/31,1/20/31,1,20,2031,2
Washington's Birthday,Third Monday in Feb,2/17/31,2/17/31,2,17,2031,2
Memorial Day,Last Monday in May,5/26/31,5/26/31,5,26,2031,2
Juneteenth National Independence Day,Annual,6/19/31,6/19/31,6,19,2031,5
Independence Day,Annual,7/4/31,7/4/31,7,4,2031,6
Labor Day,First Monday in Sept,9/1/31,9/1/31,9,1,2031,2
Columbus Day,Second Monday in Oct,10/13/31,10/13/31,10,13,2031,2
Veterans Day,Annual,11/11/31,11/11/31,11,11,2031,3
Thanksgiving Day,Fourth Thursday in Nov,11/27/31,11/27/31,11,27,2031,5
Christmas Day,Annual,12/25/31,12/25/31,12,25,2031,5
New Year's Day,Year Start,1/1/32,1/1/32,1,1,2032,5
"Birthday of Martin Luther King, Jr",Third Monday of Jan,1/19/32,1/19/32,1,19,2032,2
Washington's Birthday,Third Monday in Feb,2/16/32,2/16/32,2,16,2032,2
Memorial Day,Last Monday in May,5/24/32,5/24/32,5,24,2032,2
Juneteenth National Independence Day,Annual,6/19/32,6/18/32,6,19,2032,7
Independence Day,Annual,7/4/32,7/5/32,7,4,2032,1
Labor Day,First Monday in Sept,9/6/32,9/6/32,9,6,2032,2
Columbus Day,Second Monday in Oct,10/11/32,10/11/32,10,11,2032,2
Veterans Day,Annual,11/11/32,11/11/32,11,11,2032,5
Thanksgiving Day,Fourth Thursday in Nov,11/25/32,11/25/32,11,25,2032,5
Christmas Day,Annual,12/25/32,12/24/32,12,25,2032,7
New Year's Day,Year Start,1/1/33,12/31/32,1,1,2033,7
"Birthday of Martin Luther King, Jr",Third Monday of Jan,1/17/33,1/17/33,1,17,2033,2
Washington's Birthday,Third Monday in Feb,2/21/33,2/21/33,2,21,2033,2
Memorial Day,Last Monday in May,5/23/33,5/23/33,5,23,2033,2
Juneteenth National Independence Day,Annual,6/19/33,6/20/33,6,19,2033,1
Independence Day,Annual,7/4/33,7/4/33,7,4,2033,2
Labor Day,First Monday in Sept,9/5/33,9/5/33,9,5,2033,2
Columbus Day,Second Monday in Oct,10/10/33,10/10/33,10,10,2033,2
Veterans Day,Annual,11/11/33,11/11/33,11,11,2033,6
Thanksgiving Day,Fourth Thursday in Nov,11/24/33,11/24/33,11,24,2033,5
Christmas Day,Annual,12/25/33,12/26/33,12,25,2033,1
New Year's Day,Year Start,1/1/34,1/2/34,1,1,2034,1
"Birthday of Martin Luther King, Jr",Third Monday of Jan,1/16/34,1/16/34,1,16,2034,2
Washington's Birthday,Third Monday in Feb,2/20/34,2/20/34,2,20,2034,2
Memorial Day,Last Monday in May,5/22/34,5/22/34,5,22,2034,2
Juneteenth National Independence Day,Annual,6/19/34,6/19/34,6,19,2034,2
Independence Day,Annual,7/4/34,7/4/34,7,4,2034,3
Labor Day,First Monday in Sept,9/4/34,9/4/34,9,4,2034,2
Columbus Day,Second Monday in Oct,10/9/34,10/9/34,10,9,2034,2
Veterans Day,Annual,11/11/34,11/10/34,11,11,2034,7
Thanksgiving Day,Fourth Thursday in Nov,11/23/34,11/23/34,11,23,2034,5
Christmas Day,Annual,12/25/34,12/25/34,12,25,2034,2
New Year's Day,Year Start,1/1/35,1/1/35,1,1,2035,2
"Birthday of Martin Luther King, Jr",Third Monday of Jan,1/15/35,1/15/35,1,15,2035,2
Washington's Birthday,Third Monday in Feb,2/19/35,2/19/35,2,19,2035,2
Memorial Day,Last Monday in May,5/28/35,5/28/35,5,28,2035,2
Juneteenth National Independence Day,Annual,6/19/35,6/19/35,6,19,2035,3
Independence Day,Annual,7/4/35,7/4/35,7,4,2035,4
Labor Day,First Monday in Sept,9/3/35,9/3/35,9,3,2035,2
Columbus Day,Second Monday in Oct,10/8/35,10/8/35,10,8,2035,2
Veterans Day,Annual,11/11/35,11/12/35,11,11,2035,1
Thanksgiving Day,Fourth Thursday in Nov,11/22/35,11/22/35,11,22,2035,5
Christmas Day,Annual,12/25/35,12/25/35,12,25,2035,3
New Year's Day,Year Start,1/1/36,1/1/36,1,1,2036,3
"Birthday of Martin Luther King, Jr",Third Monday of Jan,1/21/36,1/21/36,1,21,2036,2
Washington's Birthday,Third Monday in Feb,2/18/36,2/18/36,2,18,2036,2
Memorial Day,Last Monday in May,5/26/36,5/26/36,5,26,2036,2
Juneteenth National Independence Day,Annual,6/19/36,6/19/36,6,19,2036,5
Independence Day,Annual,7/4/36,7/4/36,7,4,2036,6
Labor Day,First Monday in Sept,9/1/36,9/1/36,9,1,2036,2
Columbus Day,Second Monday in Oct,10/13/36,10/13/36,10,13,2036,2
Veterans Day,Annual,11/11/36,11/11/36,11,11,2036,3
Thanksgiving Day,Fourth Thursday in Nov,11/27/36,11/27/36,11,27,2036,5
Christmas Day,Annual,12/25/36,12/25/36,12,25,2036,5
New Year's Day,Year Start,1/1/37,1/1/37,1,1,2037,5
"Birthday of Martin Luther King, Jr",Third Monday of Jan,1/19/37,1/19/37,1,19,2037,2
Washington's Birthday,Third Monday in Feb,2/16/37,2/16/37,2,16,2037,2
Memorial Day,Last Monday in May,5/25/37,5/25/37,5,25,2037,2
Juneteenth National Independence Day,Annual,6/19/37,6/19/37,6,19,2037,6
Independence Day,Annual,7/4/37,7/3/37,7,4,2037,7
Labor Day,First Monday in Sept,9/7/37,9/7/37,9,7,2037,2
Columbus Day,Second Monday in Oct,10/12/37,10/12/37,10,12,2037,2
Veterans Day,Annual,11/11/37,11/11/37,11,11,2037,4
Thanksgiving Day,Fourth Thursday in Nov,11/26/37,11/26/37,11,26,2037,5
Christmas Day,Annual,12/25/37,12/25/37,12,25,2037,6
New Year's Day,Year Start,1/1/38,1/1/38,1,1,2038,6
"Birthday of Martin Luther King, Jr",Third Monday of Jan,1/18/38,1/18/38,1,18,2038,2
Washington's Birthday,Third Monday in Feb,2/15/38,2/15/38,2,15,2038,2
Memorial Day,Last Monday in May,5/24/38,5/24/38,5,24,2038,2
Juneteenth National Independence Day,Annual,6/19/38,6/18/38,6,19,2038,7
Independence Day,Annual,7/4/38,7/5/38,7,4,2038,1
Labor Day,First Monday in Sept,9/6/38,9/6/38,9,6,2038,2
Columbus Day,Second Monday in Oct,10/11/38,10/11/38,10,11,2038,2
Veterans Day,Annual,11/11/38,11/11/38,11,11,2038,5
Thanksgiving Day,Fourth Thursday in Nov,11/25/38,11/25/38,11,25,2038,5
Christmas Day,Annual,12/25/38,12/24/38,12,25,2038,7
New Year's Day,Year Start,1/1/39,12/31/38,1,1,2039,7
"Birthday of Martin Luther King, Jr",Third Monday of Jan,1/17/39,1/17/39,1,17,2039,2
Washington's Birthday,Third Monday in Feb,2/21/39,2/21/39,2,21,2039,2
Memorial Day,Last Monday in May,5/23/39,5/23/39,5,23,2039,2
Juneteenth National Independence Day,Annual,6/19/39,6/20/39,6,19,2039,1
Independence Day,Annual,7/4/39,7/4/39,7,4,2039,2
Labor Day,First Monday in Sept,9/5/39,9/5/39,9,5,2039,2
Columbus Day,Second Monday in Oct,10/10/39,10/10/39,10,10,2039,2
Veterans Day,Annual,11/11/39,11/11/39,11,11,2039,6
Thanksgiving Day,Fourth Thursday in Nov,11/24/39,11/24/39,11,24,2039,5
Christmas Day,Annual,12/25/39,12/26/39,12,25,2039,1
New Year's Day,Year Start,1/1/40,1/2/40,1,1,2040,1
"Birthday of Martin Luther King, Jr",Third Monday of Jan,1/16/40,1/16/40,1,16,2040,2
Washington's Birthday,Third Monday in Feb,2/20/40,2/20/40,2,20,2040,2
Memorial Day,Last Monday in May,5/28/40,5/28/40,5,28,2040,2
Juneteenth National Independence Day,Annual,6/19/40,6/19/40,6,19,2040,3
Independence Day,Annual,7/4/40,7/4/40,7,4,2040,4
Labor Day,First Monday in Sept,9/3/40,9/3/40,9,3,2040,2
Columbus Day,Second Monday in Oct,10/8/40,10/8/40,10,8,2040,2
Veterans Day,Annual,11/11/40,11/12/40,11,11,2040,1
Thanksgiving Day,Fourth Thursday in Nov,11/22/40,11/22/40,11,22,2040,5
Christmas Day,Annual,12/25/40,12/25/40,12,25,2040,3
New Year's Day,Year Start,1/1/41,1/1/41,1,1,2041,3
"Birthday of Martin Luther King, Jr",Third Monday of Jan,1/21/41,1/21/41,1,21,2041,2
Washington's Birthday,Third Monday in Feb,2/18/41,2/18/41,2,18,2041,2
Memorial Day,Last Monday in May,5/27/41,5/27/41,5,27,2041,2
Juneteenth National Independence Day,Annual,6/19/41,6/19/41,6,19,2041,4
Independence Day,Annual,7/4/41,7/4/41,7,4,2041,5
Labor Day,First Monday in Sept,9/2/41,9/2/41,9,2,2041,2
Columbus Day,Second Monday in Oct,10/14/41,10/14/41,10,14,2041,2
Veterans Day,Annual,11/11/41,11/11/41,11,11,2041,2
Thanksgiving Day,Fourth Thursday in Nov,11/28/41,11/28/41,11,28,2041,5
Christmas Day,Annual,12/25/41,12/25/41,12,25,2041,4
New Year's Day,Year Start,1/1/42,1/1/42,1,1,2042,4
"Birthday of Martin Luther King, Jr",Third Monday of Jan,1/20/42,1/20/42,1,20,2042,2
Washington's Birthday,Third Monday in Feb,2/17/42,2/17/42,2,17,2042,2
Memorial Day,Last Monday in May,5/26/42,5/26/42,5,26,2042,2
Juneteenth National Independence Day,Annual,6/19/42,6/19/42,6,19,2042,5
Independence Day,Annual,7/4/42,7/4/42,7,4,2042,6
Labor Day,First Monday in Sept,9/1/42,9/1/42,9,1,2042,2
Columbus Day,Second Monday in Oct,10/13/42,10/13/42,10,13,2042,2
Veterans Day,Annual,11/11/42,11/11/42,11,11,2042,3
Thanksgiving Day,Fourth Thursday in Nov,11/27/42,11/27/42,11,27,2042,5
Christmas Day,Annual,12/25/42,12/25/42,12,25,2042,5
New Year's Day,Year Start,1/1/43,1/1/43,1,1,2043,5
"Birthday of Martin Luther King, Jr",Third Monday of Jan,1/19/43,1/19/43,1,19,2043,2
Washington's Birthday,Third Monday in Feb,2/16/43,2/16/43,2,16,2043,2
Memorial Day,Last Monday in May,5/25/43,5/25/43,5,25,2043,2
Juneteenth National Independence Day,Annual,6/19/43,6/19/43,6,19,2043,6
Independence Day,Annual,7/4/43,7/3/43,7,4,2043,7
Labor Day,First Monday in Sept,9/7/43,9/7/43,9,7,2043,2
Columbus Day,Second Monday in Oct,10/12/43,10/12/43,10,12,2043,2
Veterans Day,Annual,11/11/43,11/11/43,11,11,2043,4
Thanksgiving Day,Fourth Thursday in Nov,11/26/43,11/26/43,11,26,2043,5
Christmas Day,Annual,12/25/43,12/25/43,12,25,2043,6
New Year's Day,Year Start,1/1/44,1/1/44,1,1,2044,6
"Birthday of Martin Luther King, Jr",Third Monday of Jan,1/18/44,1/18/44,1,18,2044,2
Washington's Birthday,Third Monday in Feb,2/15/44,2/15/44,2,15,2044,2
Memorial Day,Last Monday in May,5/23/44,5/23/44,5,23,2044,2
Juneteenth National Independence Day,Annual,6/19/44,6/20/44,6,19,2044,1
Independence Day,Annual,7/4/44,7/4/44,7,4,2044,2
Labor Day,First Monday in Sept,9/5/44,9/5/44,9,5,2044,2
Columbus Day,Second Monday in Oct,10/10/44,10/10/44,10,10,2044,2
Veterans Day,Annual,11/11/44,11/11/44,11,11,2044,6
Thanksgiving Day,Fourth Thursday in Nov,11/24/44,11/24/44,11,24,2044,5
Christmas Day,Annual,12/25/44,12/26/44,12,25,2044,1
New Year's Day,Year Start,1/1/45,1/2/45,1,1,2045,1
"Birthday of Martin Luther King, Jr",Third Monday of Jan,1/16/45,1/16/45,1,16,2045,2
Washington's Birthday,Third Monday in Feb,2/20/45,2/20/45,2,20,2045,2
Memorial Day,Last Monday in May,5/22/45,5/22/45,5,22,2045,2
Juneteenth National Independence Day,Annual,6/19/45,6/19/45,6,19,2045,2
Independence Day,Annual,7/4/45,7/4/45,7,4,2045,3
Labor Day,First Monday in Sept,9/4/45,9/4/45,9,4,2045,2
Columbus Day,Second Monday in Oct,10/9/45,10/9/45,10,9,2045,2
Veterans Day,Annual,11/11/45,11/10/45,11,11,2045,7
Thanksgiving Day,Fourth Thursday in Nov,11/23/45,11/23/45,11,23,2045,5
Christmas Day,Annual,12/25/45,12/25/45,12,25,2045,2
New Year's Day,Year Start,1/1/46,1/1/46,1,1,2046,2
"Birthday of Martin Luther King, Jr",Third Monday of Jan,1/15/46,1/15/46,1,15,2046,2
Washington's Birthday,Third Monday in Feb,2/19/46,2/19/46,2,19,2046,2
Memorial Day,Last Monday in May,5/28/46,5/28/46,5,28,2046,2
Juneteenth National Independence Day,Annual,6/19/46,6/19/46,6,19,2046,3
Independence Day,Annual,7/4/46,7/4/46,7,4,2046,4
Labor Day,First Monday in Sept,9/3/46,9/3/46,9,3,2046,2
Columbus Day,Second Monday in Oct,10/8/46,10/8/46,10,8,2046,2
Veterans Day,Annual,11/11/46,11/12/46,11,11,2046,1
Thanksgiving Day,Fourth Thursday in Nov,11/22/46,11/22/46,11,22,2046,5
Christmas Day,Annual,12/25/46,12/25/46,12,25,2046,3
New Year's Day,Year Start,1/1/47,1/1/47,1,1,2047,3
"Birthday of Martin Luther King, Jr",Third Monday of Jan,1/21/47,1/21/47,1,21,2047,2
Washington's Birthday,Third Monday in Feb,2/18/47,2/18/47,2,18,2047,2
Memorial Day,Last Monday in May,5/27/47,5/27/47,5,27,2047,2
Juneteenth National Independence Day,Annual,6/19/47,6/19/47,6,19,2047,4
Independence Day,Annual,7/4/47,7/4/47,7,4,2047,5
Labor Day,First Monday in Sept,9/2/47,9/2/47,9,2,2047,2
Columbus Day,Second Monday in Oct,10/14/47,10/14/47,10,14,2047,2
Veterans Day,Annual,11/11/47,11/11/47,11,11,2047,2
Thanksgiving Day,Fourth Thursday in Nov,11/28/47,11/28/47,11,28,2047,5
Christmas Day,Annual,12/25/47,12/25/47,12,25,2047,4
New Year's Day,Year Start,1/1/48,1/1/48,1,1,2048,4
"Birthday of Martin Luther King, Jr",Third Monday of Jan,1/20/48,1/20/48,1,20,2048,2
Washington's Birthday,Third Monday in Feb,2/17/48,2/17/48,2,17,2048,2
Memorial Day,Last Monday in May,5/25/48,5/25/48,5,25,2048,2
Juneteenth National Independence Day,Annual,6/19/48,6/19/48,6,19,2048,6
Independence Day,Annual,7/4/48,7/3/48,7,4,2048,7
Labor Day,First Monday in Sept,9/7/48,9/7/48,9,7,2048,2
Columbus Day,Second Monday in Oct,10/12/48,10/12/48,10,12,2048,2
Veterans Day,Annual,11/11/48,11/11/48,11,11,2048,4
Thanksgiving Day,Fourth Thursday in Nov,11/26/48,11/26/48,11,26,2048,5
Christmas Day,Annual,12/25/48,12/25/48,12,25,2048,6
New Year's Day,Year Start,1/1/49,1/1/49,1,1,2049,6
"Birthday of Martin Luther King, Jr",Third Monday of Jan,1/18/49,1/18/49,1,18,2049,2
Washington's Birthday,Third Monday in Feb,2/15/49,2/15/49,2,15,2049,2
Memorial Day,Last Monday in May,5/24/49,5/24/49,5,24,2049,2
Juneteenth National Independence Day,Annual,6/19/49,6/18/49,6,19,2049,7
Independence Day,Annual,7/4/49,7/5/49,7,4,2049,1
Labor Day,First Monday in Sept,9/6/49,9/6/49,9,6,2049,2
Columbus Day,Second Monday in Oct,10/11/49,10/11/49,10,11,2049,2
Veterans Day,Annual,11/11/49,11/11/49,11,11,2049,5
Thanksgiving Day,Fourth Thursday in Nov,11/25/49,11/25/49,11,25,2049,5
Christmas Day,Annual,12/25/49,12/24/49,12,25,2049,7
New Year's Day,Year Start,1/1/50,12/31/49,1,1,2050,7
"Birthday of Martin Luther King, Jr",Third Monday of Jan,1/17/50,1/17/50,1,17,2050,2
Washington's Birthday,Third Monday in Feb,2/21/50,2/21/50,2,21,2050,2
Memorial Day,Last Monday in May,5/23/50,5/23/50,5,23,2050,2
Juneteenth National Independence Day,Annual,6/19/50,6/20/50,6,19,2050,1
Independence Day,Annual,7/4/50,7/4/50,7,4,2050,2
Labor Day,First Monday in Sept,9/5/50,9/5/50,9,5,2050,2
Columbus Day,Second Monday in Oct,10/10/50,10/10/50,10,10,2050,2
Veterans Day,Annual,11/11/50,11/11/50,11,11,2050,6
Thanksgiving Day,Fourth Thursday in Nov,11/24/50,11/24/50,11,24,2050,5
Christmas Day,Annual,12/25/50,12/26/50,12,25,2050,1
New Year's Day,Year Start,1/1/51,1/2/51,1,1,2051,1
"Birthday of Martin Luther King, Jr",Third Monday of Jan,1/16/51,1/16/51,1,16,2051,2
Washington's Birthday,Third Monday in Feb,2/20/51,2/20/51,2,20,2051,2
Memorial Day,Last Monday in May,5/22/51,5/22/51,5,22,2051,2
Juneteenth National Independence Day,Annual,6/19/51,6/19/51,6,19,2051,2
Independence Day,Annual,7/4/51,7/4/51,7,4,2051,3
Labor Day,First Monday in Sept,9/4/51,9/4/51,9,4,2051,2
Columbus Day,Second Monday in Oct,10/9/51,10/9/51,10,9,2051,2
Veterans Day,Annual,11/11/51,11/10/51,11,11,2051,7
Thanksgiving Day,Fourth Thursday in Nov,11/23/51,11/23/51,11,23,2051,5
Christmas Day,Annual,12/25/51,12/25/51,12,25,2051,2
New Year's Day,Year Start,1/1/52,1/1/52,1,1,2052,2
"Birthday of Martin Luther King, Jr",Third Monday of Jan,1/15/52,1/15/52,1,15,2052,2
Washington's Birthday,Third Monday in Feb,2/19/52,2/19/52,2,19,2052,2
Memorial Day,Last Monday in May,5/27/52,5/27/52,5,27,2052,2
Juneteenth National Independence Day,Annual,6/19/52,6/19/52,6,19,2052,4
Independence Day,Annual,7/4/52,7/4/52,7,4,2052,5
Labor Day,First Monday in Sept,9/2/52,9/2/52,9,2,2052,2
Columbus Day,Second Monday in Oct,10/14/52,10/14/52,10,14,2052,2
Veterans Day,Annual,11/11/52,11/11/52,11,11,2052,2
Thanksgiving Day,Fourth Thursday in Nov,11/28/52,11/28/52,11,28,2052,5
Christmas Day,Annual,12/25/52,12/25/52,12,25,2052,4
New Year's Day,Year Start,1/1/53,1/1/53,1,1,2053,4
"Birthday of Martin Luther King, Jr",Third Monday of Jan,1/20/53,1/20/53,1,20,2053,2
Washington's Birthday,Third Monday in Feb,2/17/53,2/17/53,2,17,2053,2
Memorial Day,Last Monday in May,5/26/53,5/26/53,5,26,2053,2
Juneteenth National Independence Day,Annual,6/19/53,6/19/53,6,19,2053,5
Independence Day,Annual,7/4/53,7/4/53,7,4,2053,6
Labor Day,First Monday in Sept,9/1/53,9/1/53,9,1,2053,2
Columbus Day,Second Monday in Oct,10/13/53,10/13/53,10,13,2053,2
Veterans Day,Annual,11/11/53,11/11/53,11,11,2053,3
Thanksgiving Day,Fourth Thursday in Nov,11/27/53,11/27/53,11,27,2053,5
Christmas Day,Annual,12/25/53,12/25/53,12,25,2053,5
New Year's Day,Year Start,1/1/54,1/1/54,1,1,2054,5
"Birthday of Martin Luther King, Jr",Third Monday of Jan,1/19/54,1/19/54,1,19,2054,2
Washington's Birthday,Third Monday in Feb,2/16/54,2/16/54,2,16,2054,2
Memorial Day,Last Monday in May,5/25/54,5/25/54,5,25,2054,2
Juneteenth National Independence Day,Annual,6/19/54,6/19/54,6,19,2054,6
Independence Day,Annual,7/4/54,7/3/54,7,4,2054,7
Labor Day,First Monday in Sept,9/7/54,9/7/54,9,7,2054,2
Columbus Day,Second Monday in Oct,10/12/54,10/12/54,10,12,2054,2
Veterans Day,Annual,11/11/54,11/11/54,11,11,2054,4
Thanksgiving Day,Fourth Thursday in Nov,11/26/54,11/26/54,11,26,2054,5
Christmas Day,Annual,12/25/54,12/25/54,12,25,2054,6
New Year's Day,Year Start,1/1/55,1/1/55,1,1,2055,6
"Birthday of Martin Luther King, Jr",Third Monday of Jan,1/18/55,1/18/55,1,18,2055,2
Washington's Birthday,Third Monday in Feb,2/15/55,2/15/55,2,15,2055,2
Memorial Day,Last Monday in May,5/24/55,5/24/55,5,24,2055,2
Juneteenth National Independence Day,Annual,6/19/55,6/18/55,6,19,2055,7
Independence Day,Annual,7/4/55,7/5/55,7,4,2055,1
Labor Day,First Monday in Sept,9/6/55,9/6/55,9,6,2055,2
Columbus Day,Second Monday in Oct,10/11/55,10/11/55,10,11,2055,2
Veterans Day,Annual,11/11/55,11/11/55,11,11,2055,5
Thanksgiving Day,Fourth Thursday in Nov,11/25/55,11/25/55,11,25,2055,5
Christmas Day,Annual,12/25/55,12/24/55,12,25,2055,7
New Year's Day,Year Start,1/1/56,12/31/55,1,1,2056,7
"Birthday of Martin Luther King, Jr",Third Monday of Jan,1/17/56,1/17/56,1,17,2056,2
Washington's Birthday,Third Monday in Feb,2/21/56,2/21/56,2,21,2056,2
Memorial Day,Last Monday in May,5/22/56,5/22/56,5,22,2056,2
Juneteenth National Independence Day,Annual,6/19/56,6/19/56,6,19,2056,2
Independence Day,Annual,7/4/56,7/4/56,7,4,2056,3
Labor Day,First Monday in Sept,9/4/56,9/4/56,9,4,2056,2
Columbus Day,Second Monday in Oct,10/9/56,10/9/56,10,9,2056,2
Veterans Day,Annual,11/11/56,11/10/56,11,11,2056,7
Thanksgiving Day,Fourth Thursday in Nov,11/23/56,11/23/56,11,23,2056,5
Christmas Day,Annual,12/25/56,12/25/56,12,25,2056,2
New Year's Day,Year Start,1/1/57,1/1/57,1,1,2057,2
"Birthday of Martin Luther King, Jr",Third Monday of Jan,1/15/57,1/15/57,1,15,2057,2
Washington's Birthday,Third Monday in Feb,2/19/57,2/19/57,2,19,2057,2
Memorial Day,Last Monday in May,5/28/57,5/28/57,5,28,2057,2
Juneteenth National Independence Day,Annual,6/19/57,6/19/57,6,19,2057,3
Independence Day,Annual,7/4/57,7/4/57,7,4,2057,4
Labor Day,First Monday in Sept,9/3/57,9/3/57,9,3,2057,2
Columbus Day,Second Monday in Oct,10/8/57,10/8/57,10,8,2057,2
Veterans Day,Annual,11/11/57,11/12/57,11,11,2057,1
Thanksgiving Day,Fourth Thursday in Nov,11/22/57,11/22/57,11,22,2057,5
Christmas Day,Annual,12/25/57,12/25/57,12,25,2057,3
New Year's Day,Year Start,1/1/58,1/1/58,1,1,2058,3
"Birthday of Martin Luther King, Jr",Third Monday of Jan,1/21/58,1/21/58,1,21,2058,2
Washington's Birthday,Third Monday in Feb,2/18/58,2/18/58,2,18,2058,2
Memorial Day,Last Monday in May,5/27/58,5/27/58,5,27,2058,2
Juneteenth National Independence Day,Annual,6/19/58,6/19/58,6,19,2058,4
Independence Day,Annual,7/4/58,7/4/58,7,4,2058,5
Labor Day,First Monday in Sept,9/2/58,9/2/58,9,2,2058,2
Columbus Day,Second Monday in Oct,10/14/58,10/14/58,10,14,2058,2
Veterans Day,Annual,11/11/58,11/11/58,11,11,2058,2
Thanksgiving Day,Fourth Thursday in Nov,11/28/58,11/28/58,11,28,2058,5
Christmas Day,Annual,12/25/58,12/25/58,12,25,2058,4
New Year's Day,Year Start,1/1/59,1/1/59,1,1,2059,4
"Birthday of Martin Luther King, Jr",Third Monday of Jan,1/20/59,1/20/59,1,20,2059,2
Washington's Birthday,Third Monday in Feb,2/17/59,2/17/59,2,17,2059,2
Memorial Day,Last Monday in May,5/26/59,5/26/59,5,26,2059,2
Juneteenth National Independence Day,Annual,6/19/59,6/19/59,6,19,2059,5
Independence Day,Annual,7/4/59,7/4/59,7,4,2059,6
Labor Day,First Monday in Sept,9/1/59,9/1/59,9,1,2059,2
Columbus Day,Second Monday in Oct,10/13/59,10/13/59,10,13,2059,2
Veterans Day,Annual,11/11/59,11/11/59,11,11,2059,3
Thanksgiving Day,Fourth Thursday in Nov,11/27/59,11/27/59,11,27,2059,5
Christmas Day,Annual,12/25/59,12/25/59,12,25,2059,5
New Year's Day,Year Start,1/1/60,1/1/60,1,1,2060,5
"Birthday of Martin Luther King, Jr",Third Monday of Jan,1/19/60,1/19/60,1,19,2060,2
Washington's Birthday,Third Monday in Feb,2/16/60,2/16/60,2,16,2060,2
Memorial Day,Last Monday in May,5/24/60,5/24/60,5,24,2060,2
Juneteenth National Independence Day,Annual,6/19/60,6/18/60,6,19,2060,7
Independence Day,Annual,7/4/60,7/5/60,7,4,2060,1
Labor Day,First Monday in Sept,9/6/60,9/6/60,9,6,2060,2
Columbus Day,Second Monday in Oct,10/11/60,10/11/60,10,11,2060,2
Veterans Day,Annual,11/11/60,11/11/60,11,11,2060,5
Thanksgiving Day,Fourth Thursday in Nov,11/25/60,11/25/60,11,25,2060,5
Christmas Day,Annual,12/25/60,12/24/60,12,25,2060,7
New Year's Day,Year Start,1/1/61,12/31/60,1,1,2061,7
"Birthday of Martin Luther King, Jr",Third Monday of Jan,1/17/61,1/17/61,1,17,2061,2
Washington's Birthday,Third Monday in Feb,2/21/61,2/21/61,2,21,2061,2
Memorial Day,Last Monday in May,5/23/61,5/23/61,5,23,2061,2
Juneteenth National Independence Day,Annual,6/19/61,6/20/61,6,19,2061,1
Independence Day,Annual,7/4/61,7/4/61,7,4,2061,2
Labor Day,First Monday in Sept,9/5/61,9/5/61,9,5,2061,2
Columbus Day,Second Monday in Oct,10/10/61,10/10/61,10,10,2061,2
Veterans Day,Annual,11/11/61,11/11/61,11,11,2061,6
Thanksgiving Day,Fourth Thursday in Nov,11/24/61,11/24/61,11,24,2061,5
Christmas Day,Annual,12/25/61,12/26/61,12,25,2061,1
New Year's Day,Year Start,1/1/62,1/2/62,1,1,2062,1
"Birthday of Martin Luther King, Jr",Third Monday of Jan,1/16/62,1/16/62,1,16,2062,2
Washington's Birthday,Third Monday in Feb,2/20/62,2/20/62,2,20,2062,2
Memorial Day,Last Monday in May,5/22/62,5/22/62,5,22,2062,2
Juneteenth National Independence Day,Annual,6/19/62,6/19/62,6,19,2062,2
Independence Day,Annual,7/4/62,7/4/62,7,4,2062,3
Labor Day,First Monday in Sept,9/4/62,9/4/62,9,4,2062,2
Columbus Day,Second Monday in Oct,10/9/62,10/9/62,10,9,2062,2
Veterans Day,Annual,11/11/62,11/10/62,11,11,2062,7
Thanksgiving Day,Fourth Thursday in Nov,11/23/62,11/23/62,11,23,2062,5
Christmas Day,Annual,12/25/62,12/25/62,12,25,2062,2
New Year's Day,Year Start,1/1/63,1/1/63,1,1,2063,2
"Birthday of Martin Luther King, Jr",Third Monday of Jan,1/15/63,1/15/63,1,15,2063,2
Washington's Birthday,Third Monday in Feb,2/19/63,2/19/63,2,19,2063,2
Memorial Day,Last Monday in May,5/28/63,5/28/63,5,28,2063,2
Juneteenth National Independence Day,Annual,6/19/63,6/19/63,6,19,2063,3
Independence Day,Annual,7/4/63,7/4/63,7,4,2063,4
Labor Day,First Monday in Sept,9/3/63,9/3/63,9,3,2063,2
Columbus Day,Second Monday in Oct,10/8/63,10/8/63,10,8,2063,2
Veterans Day,Annual,11/11/63,11/12/63,11,11,2063,1
Thanksgiving Day,Fourth Thursday in Nov,11/22/63,11/22/63,11,22,2063,5
Christmas Day,Annual,12/25/63,12/25/63,12,25,2063,3
New Year's Day,Year Start,1/1/64,1/1/64,1,1,2064,3
"Birthday of Martin Luther King, Jr",Third Monday of Jan,1/21/64,1/21/64,1,21,2064,2
Washington's Birthday,Third Monday in Feb,2/18/64,2/18/64,2,18,2064,2
Memorial Day,Last Monday in May,5/26/64,5/26/64,5,26,2064,2
Juneteenth National Independence Day,Annual,6/19/64,6/19/64,6,19,2064,5
Independence Day,Annual,7/4/64,7/4/64,7,4,2064,6
Labor Day,First Monday in Sept,9/1/64,9/1/64,9,1,2064,2
Columbus Day,Second Monday in Oct,10/13/64,10/13/64,10,13,2064,2
Veterans Day,Annual,11/11/64,11/11/64,11,11,2064,3
Thanksgiving Day,Fourth Thursday in Nov,11/27/64,11/27/64,11,27,2064,5
Christmas Day,Annual,12/25/64,12/25/64,12,25,2064,5
New Year's Day,Year Start,1/1/65,1/1/65,1,1,2065,5
"Birthday of Martin Luther King, Jr",Third Monday of Jan,1/19/65,1/19/65,1,19,2065,2
Washington's Birthday,Third Monday in Feb,2/16/65,2/16/65,2,16,2065,2
Memorial Day,Last Monday in May,5/25/65,5/25/65,5,25,2065,2
Juneteenth National Independence Day,Annual,6/19/65,6/19/65,6,19,2065,6
Independence Day,Annual,7/4/65,7/3/65,7,4,2065,7
Labor Day,First Monday in Sept,9/7/65,9/7/65,9,7,2065,2
Columbus Day,Second Monday in Oct,10/12/65,10/12/65,10,12,2065,2
Veterans Day,Annual,11/11/65,11/11/65,11,11,2065,4
Thanksgiving Day,Fourth Thursday in Nov,11/26/65,11/26/65,11,26,2065,5
Christmas Day,Annual,12/25/65,12/25/65,12,25,2065,6
New Year's Day,Year Start,1/1/66,1/1/66,1,1,2066,6
"Birthday of Martin Luther King, Jr",Third Monday of Jan,1/18/66,1/18/66,1,18,2066,2
Washington's Birthday,Third Monday in Feb,2/15/66,2/15/66,2,15,2066,2
Memorial Day,Last Monday in May,5/24/66,5/24/66,5,24,2066,2
Juneteenth National Independence Day,Annual,6/19/66,6/18/66,6,19,2066,7
Independence Day,Annual,7/4/66,7/5/66,7,4,2066,1
Labor Day,First Monday in Sept,9/6/66,9/6/66,9,6,2066,2
Columbus Day,Second Monday in Oct,10/11/66,10/11/66,10,11,2066,2
Veterans Day,Annual,11/11/66,11/11/66,11,11,2066,5
Thanksgiving Day,Fourth Thursday in Nov,11/25/66,11/25/66,11,25,2066,5
Christmas Day,Annual,12/25/66,12/24/66,12,25,2066,7
New Year's Day,Year Start,1/1/67,12/31/66,1,1,2067,7
"Birthday of Martin Luther King, Jr",Third Monday of Jan,1/17/67,1/17/67,1,17,2067,2
Washington's Birthday,Third Monday in Feb,2/21/67,2/21/67,2,21,2067,2
Memorial Day,Last Monday in May,5/23/67,5/23/67,5,23,2067,2
Juneteenth National Independence Day,Annual,6/19/67,6/20/67,6,19,2067,1
Independence Day,Annual,7/4/67,7/4/67,7,4,2067,2
Labor Day,First Monday in Sept,9/5/67,9/5/67,9,5,2067,2
Columbus Day,Second Monday in Oct,10/10/67,10/10/67,10,10,2067,2
Veterans Day,Annual,11/11/67,11/11/67,11,11,2067,6
Thanksgiving Day,Fourth Thursday in Nov,11/24/67,11/24/67,11,24,2067,5
Christmas Day,Annual,12/25/67,12/26/67,12,25,2067,1
New Year's Day,Year Start,1/1/68,1/2/68,1,1,2068,1
"Birthday of Martin Luther King, Jr",Third Monday of Jan,1/16/68,1/16/68,1,16,2068,2
Washington's Birthday,Third Monday in Feb,2/20/68,2/20/68,2,20,2068,2
Memorial Day,Last Monday in May,5/28/68,5/28/68,5,28,2068,2
Juneteenth National Independence Day,Annual,6/19/68,6/19/68,6,19,2068,3
Independence Day,Annual,7/4/68,7/4/68,7,4,2068,4
Labor Day,First Monday in Sept,9/3/68,9/3/68,9,3,2068,2
Columbus Day,Second Monday in Oct,10/8/68,10/8/68,10,8,2068,2
Veterans Day,Annual,11/11/68,11/12/68,11,11,2068,1
Thanksgiving Day,Fourth Thursday in Nov,11/22/68,11/22/68,11,22,2068,5
Christmas Day,Annual,12/25/68,12/25/68,12,25,2068,3
New Year's Day,Year Start,1/1/69,1/1/69,1,1,2069,3
"Birthday of Martin Luther King, Jr",Third Monday of Jan,1/21/69,1/21/69,1,21,2069,2
Washington's Birthday,Third Monday in Feb,2/18/69,2/18/69,2,18,2069,2
Memorial Day,Last Monday in May,5/27/69,5/27/69,5,27,2069,2
Juneteenth National Independence Day,Annual,6/19/69,6/19/69,6,19,2069,4
Independence Day,Annual,7/4/69,7/4/69,7,4,2069,5
Labor Day,First Monday in Sept,9/2/69,9/2/69,9,2,2069,2
Columbus Day,Second Monday in Oct,10/14/69,10/14/69,10,14,2069,2
Veterans Day,Annual,11/11/69,11/11/69,11,11,2069,2
Thanksgiving Day,Fourth Thursday in Nov,11/28/69,11/28/69,11,28,2069,5
Christmas Day,Annual,12/25/69,12/25/69,12,25,2069,4
New Year's Day,Year Start,1/1/70,1/1/70,1,1,2070,4
"Birthday of Martin Luther King, Jr",Third Monday of Jan,1/20/70,1/20/70,1,20,2070,2
Washington's Birthday,Third Monday in Feb,2/17/70,2/17/70,2,17,2070,2
Memorial Day,Last Monday in May,5/26/70,5/26/70,5,26,2070,2
Juneteenth National Independence Day,Annual,6/19/70,6/19/70,6,19,2070,5
Independence Day,Annual,7/4/70,7/4/70,7,4,2070,6
Labor Day,First Monday in Sept,9/1/70,9/1/70,9,1,2070,2
Columbus Day,Second Monday in Oct,10/13/70,10/13/70,10,13,2070,2
Veterans Day,Annual,11/11/70,11/11/70,11,11,2070,3
Thanksgiving Day,Fourth Thursday in Nov,11/27/70,11/27/70,11,27,2070,5
Christmas Day,Annual,12/25/70,12/25/70,12,25,2070,5
New Year's Day,Year Start,1/1/71,1/1/71,1,1,2071,5
"Birthday of Martin Luther King, Jr",Third Monday of Jan,1/19/71,1/19/71,1,19,2071,2
Washington's Birthday,Third Monday in Feb,2/16/71,2/16/71,2,16,2071,2
Memorial Day,Last Monday in May,5/25/71,5/25/71,5,25,2071,2
Juneteenth National Independence Day,Annual,6/19/71,6/19/71,6,19,2071,6
Independence Day,Annual,7/4/71,7/3/71,7,4,2071,7
Labor Day,First Monday in Sept,9/7/71,9/7/71,9,7,2071,2
Columbus Day,Second Monday in Oct,10/12/71,10/12/71,10,12,2071,2
Veterans Day,Annual,11/11/71,11/11/71,11,11,2071,4
Thanksgiving Day,Fourth Thursday in Nov,11/26/71,11/26/71,11,26,2071,5
Christmas Day,Annual,12/25/71,12/25/71,12,25,2071,6
New Year's Day,Year Start,1/1/72,1/1/72,1,1,2072,6
"Birthday of Martin Luther King, Jr",Third Monday of Jan,1/18/72,1/18/72,1,18,2072,2
Washington's Birthday,Third Monday in Feb,2/15/72,2/15/72,2,15,2072,2
Memorial Day,Last Monday in May,5/23/72,5/23/72,5,23,2072,2
Juneteenth National Independence Day,Annual,6/19/72,6/20/72,6,19,2072,1
Independence Day,Annual,7/4/72,7/4/72,7,4,2072,2
Labor Day,First Monday in Sept,9/5/72,9/5/72,9,5,2072,2
Columbus Day,Second Monday in Oct,10/10/72,10/10/72,10,10,2072,2
Veterans Day,Annual,11/11/72,11/11/72,11,11,2072,6
Thanksgiving Day,Fourth Thursday in Nov,11/24/72,11/24/72,11,24,2072,5
Christmas Day,Annual,12/25/72,12/26/72,12,25,2072,1
New Year's Day,Year Start,1/1/73,1/2/73,1,1,2073,1
"Birthday of Martin Luther King, Jr",Third Monday of Jan,1/16/73,1/16/73,1,16,2073,2
Washington's Birthday,Third Monday in Feb,2/20/73,2/20/73,2,20,2073,2
Memorial Day,Last Monday in May,5/22/73,5/22/73,5,22,2073,2
Juneteenth National Independence Day,Annual,6/19/73,6/19/73,6,19,2073,2
Independence Day,Annual,7/4/73,7/4/73,7,4,2073,3
Labor Day,First Monday in Sept,9/4/73,9/4/73,9,4,2073,2
Columbus Day,Second Monday in Oct,10/9/73,10/9/73,10,9,2073,2
Veterans Day,Annual,11/11/73,11/10/73,11,11,2073,7
Thanksgiving Day,Fourth Thursday in Nov,11/23/73,11/23/73,11,23,2073,5
Christmas Day,Annual,12/25/73,12/25/73,12,25,2073,2
New Year's Day,Year Start,1/1/74,1/1/74,1,1,2074,2
"Birthday of Martin Luther King, Jr",Third Monday of Jan,1/15/74,1/15/74,1,15,2074,2
Washington's Birthday,Third Monday in Feb,2/19/74,2/19/74,2,19,2074,2
Memorial Day,Last Monday in May,5/28/74,5/28/74,5,28,2074,2
Juneteenth National Independence Day,Annual,6/19/74,6/19/74,6,19,2074,3
Independence Day,Annual,7/4/74,7/4/74,7,4,2074,4
Labor Day,First Monday in Sept,9/3/74,9/3/74,9,3,2074,2
Columbus Day,Second Monday in Oct,10/8/74,10/8/74,10,8,2074,2
Veterans Day,Annual,11/11/74,11/12/74,11,11,2074,1
Thanksgiving Day,Fourth Thursday in Nov,11/22/74,11/22/74,11,22,2074,5
Christmas Day,Annual,12/25/74,12/25/74,12,25,2074,3
New Year's Day,Year Start,1/1/75,1/1/75,1,1,2075,3
"Birthday of Martin Luther King, Jr",Third Monday of Jan,1/21/75,1/21/75,1,21,2075,2
Washington's Birthday,Third Monday in Feb,2/18/75,2/18/75,2,18,2075,2
Memorial Day,Last Monday in May,5/27/75,5/27/75,5,27,2075,2
Juneteenth National Independence Day,Annual,6/19/75,6/19/75,6,19,2075,4
Independence Day,Annual,7/4/75,7/4/75,7,4,2075,5
Labor Day,First Monday in Sept,9/2/75,9/2/75,9,2,2075,2
Columbus Day,Second Monday in Oct,10/14/75,10/14/75,10,14,2075,2
Veterans Day,Annual,11/11/75,11/11/75,11,11,2075,2
Thanksgiving Day,Fourth Thursday in Nov,11/28/75,11/28/75,11,28,2075,5
Christmas Day,Annual,12/25/75,12/25/75,12,25,2075,4
New Year's Day,Year Start,1/1/76,1/1/76,1,1,2076,4
"Birthday of Martin Luther King, Jr",Third Monday of Jan,1/20/76,1/20/76,1,20,2076,2
Washington's Birthday,Third Monday in Feb,2/17/76,2/17/76,2,17,2076,2
Memorial Day,Last Monday in May,5/25/76,5/25/76,5,25,2076,2
Juneteenth National Independence Day,Annual,6/19/76,6/19/76,6,19,2076,6
Independence Day,Annual,7/4/76,7/3/76,7,4,2076,7
Labor Day,First Monday in Sept,9/7/76,9/7/76,9,7,2076,2
Columbus Day,Second Monday in Oct,10/12/76,10/12/76,10,12,2076,2
Veterans Day,Annual,11/11/76,11/11/76,11,11,2076,4
Thanksgiving Day,Fourth Thursday in Nov,11/26/76,11/26/76,11,26,2076,5
Christmas Day,Annual,12/25/76,12/25/76,12,25,2076,6
New Year's Day,Year Start,1/1/77,1/1/77,1,1,2077,6
"Birthday of Martin Luther King, Jr",Third Monday of Jan,1/18/77,1/18/77,1,18,2077,2
Washington's Birthday,Third Monday in Feb,2/15/77,2/15/77,2,15,2077,2
Memorial Day,Last Monday in May,5/24/77,5/24/77,5,24,2077,2
Juneteenth National Independence Day,Annual,6/19/77,6/18/77,6,19,2077,7
Independence Day,Annual,7/4/77,7/5/77,7,4,2077,1
Labor Day,First Monday in Sept,9/6/77,9/6/77,9,6,2077,2
Columbus Day,Second Monday in Oct,10/11/77,10/11/77,10,11,2077,2
Veterans Day,Annual,11/11/77,11/11/77,11,11,2077,5
Thanksgiving Day,Fourth Thursday in Nov,11/25/77,11/25/77,11,25,2077,5
Christmas Day,Annual,12/25/77,12/24/77,12,25,2077,7
New Year's Day,Year Start,1/1/78,12/31/77,1,1,2078,7
"Birthday of Martin Luther King, Jr",Third Monday of Jan,1/17/78,1/17/78,1,17,2078,2
Washington's Birthday,Third Monday in Feb,2/21/78,2/21/78,2,21,2078,2
Memorial Day,Last Monday in May,5/23/78,5/23/78,5,23,2078,2
Juneteenth National Independence Day,Annual,6/19/78,6/20/78,6,19,2078,1
Independence Day,Annual,7/4/78,7/4/78,7,4,2078,2
Labor Day,First Monday in Sept,9/5/78,9/5/78,9,5,2078,2
Columbus Day,Second Monday in Oct,10/10/78,10/10/78,10,10,2078,2
Veterans Day,Annual,11/11/78,11/11/78,11,11,2078,6
Thanksgiving Day,Fourth Thursday in Nov,11/24/78,11/24/78,11,24,2078,5
Christmas Day,Annual,12/25/78,12/26/78,12,25,2078,1
New Year's Day,Year Start,1/1/79,1/2/79,1,1,2079,1
"Birthday of Martin Luther King, Jr",Third Monday of Jan,1/16/79,1/16/79,1,16,2079,2
Washington's Birthday,Third Monday in Feb,2/20/79,2/20/79,2,20,2079,2
Memorial Day,Last Monday in May,5/22/79,5/22/79,5,22,2079,2
Juneteenth National Independence Day,Annual,6/19/79,6/19/79,6,19,2079,2
Independence Day,Annual,7/4/79,7/4/79,7,4,2079,3
Labor Day,First Monday in Sept,9/4/79,9/4/79,9,4,2079,2
Columbus Day,Second Monday in Oct,10/9/79,10/9/79,10,9,2079,2
Veterans Day,Annual,11/11/79,11/10/79,11,11,2079,7
Thanksgiving Day,Fourth Thursday in Nov,11/23/79,11/23/79,11,23,2079,5
Christmas Day,Annual,12/25/79,12/25/79,12,25,2079,2
New Year's Day,Year Start,1/1/80,1/1/80,1,1,2080,2
"Birthday of Martin Luther King, Jr",Third Monday of Jan,1/15/80,1/15/80,1,15,2080,2
Washington's Birthday,Third Monday in Feb,2/19/80,2/19/80,2,19,2080,2
Memorial Day,Last Monday in May,5/27/80,5/27/80,5,27,2080,2
Juneteenth National Independence Day,Annual,6/19/80,6/19/80,6,19,2080,4
Independence Day,Annual,7/4/80,7/4/80,7,4,2080,5
Labor Day,First Monday in Sept,9/2/80,9/2/80,9,2,2080,2
Columbus Day,Second Monday in Oct,10/14/80,10/14/80,10,14,2080,2
Veterans Day,Annual,11/11/80,11/11/80,11,11,2080,2
Thanksgiving Day,Fourth Thursday in Nov,11/28/80,11/28/80,11,28,2080,5
Christmas Day,Annual,12/25/80,12/25/80,12,25,2080,4
New Year's Day,Year Start,1/1/81,1/1/81,1,1,2081,4
"Birthday of Martin Luther King, Jr",Third Monday of Jan,1/20/81,1/20/81,1,20,2081,2
Washington's Birthday,Third Monday in Feb,2/17/81,2/17/81,2,17,2081,2
Memorial Day,Last Monday in May,5/26/81,5/26/81,5,26,2081,2
Juneteenth National Independence Day,Annual,6/19/81,6/19/81,6,19,2081,5
Independence Day,Annual,7/4/81,7/4/81,7,4,2081,6
Labor Day,First Monday in Sept,9/1/81,9/1/81,9,1,2081,2
Columbus Day,Second Monday in Oct,10/13/81,10/13/81,10,13,2081,2
Veterans Day,Annual,11/11/81,11/11/81,11,11,2081,3
Thanksgiving Day,Fourth Thursday in Nov,11/27/81,11/27/81,11,27,2081,5
Christmas Day,Annual,12/25/81,12/25/81,12,25,2081,5
New Year's Day,Year Start,1/1/82,1/1/82,1,1,2082,5
"Birthday of Martin Luther King, Jr",Third Monday of Jan,1/19/82,1/19/82,1,19,2082,2
Washington's Birthday,Third Monday in Feb,2/16/82,2/16/82,2,16,2082,2
Memorial Day,Last Monday in May,5/25/82,5/25/82,5,25,2082,2
Juneteenth National Independence Day,Annual,6/19/82,6/19/82,6,19,2082,6
Independence Day,Annual,7/4/82,7/3/82,7,4,2082,7
Labor Day,First Monday in Sept,9/7/82,9/7/82,9,7,2082,2
Columbus Day,Second Monday in Oct,10/12/82,10/12/82,10,12,2082,2
Veterans Day,Annual,11/11/82,11/11/82,11,11,2082,4
Thanksgiving Day,Fourth Thursday in Nov,11/26/82,11/26/82,11,26,2082,5
Christmas Day,Annual,12/25/82,12/25/82,12,25,2082,6
New Year's Day,Year Start,1/1/83,1/1/83,1,1,2083,6
"Birthday of Martin Luther King, Jr",Third Monday of Jan,1/18/83,1/18/83,1,18,2083,2
Washington's Birthday,Third Monday in Feb,2/15/83,2/15/83,2,15,2083,2
Memorial Day,Last Monday in May,5/24/83,5/24/83,5,24,2083,2
Juneteenth National Independence Day,Annual,6/19/83,6/18/83,6,19,2083,7
Independence Day,Annual,7/4/83,7/5/83,7,4,2083,1
Labor Day,First Monday in Sept,9/6/83,9/6/83,9,6,2083,2
Columbus Day,Second Monday in Oct,10/11/83,10/11/83,10,11,2083,2
Veterans Day,Annual,11/11/83,11/11/83,11,11,2083,5
Thanksgiving Day,Fourth Thursday in Nov,11/25/83,11/25/83,11,25,2083,5
Christmas Day,Annual,12/25/83,12/24/83,12,25,2083,7
New Year's Day,Year Start,1/1/84,12/31/83,1,1,2084,7
"Birthday of Martin Luther King, Jr",Third Monday of Jan,1/17/84,1/17/84,1,17,2084,2
Washington's Birthday,Third Monday in Feb,2/21/84,2/21/84,2,21,2084,2
Memorial Day,Last Monday in May,5/22/84,5/22/84,5,22,2084,2
Juneteenth National Independence Day,Annual,6/19/84,6/19/84,6,19,2084,2
Independence Day,Annual,7/4/84,7/4/84,7,4,2084,3
Labor Day,First Monday in Sept,9/4/84,9/4/84,9,4,2084,2
Columbus Day,Second Monday in Oct,10/9/84,10/9/84,10,9,2084,2
Veterans Day,Annual,11/11/84,11/10/84,11,11,2084,7
Thanksgiving Day,Fourth Thursday in Nov,11/23/84,11/23/84,11,23,2084,5
Christmas Day,Annual,12/25/84,12/25/84,12,25,2084,2
New Year's Day,Year Start,1/1/85,1/1/85,1,1,2085,2
"Birthday of Martin Luther King, Jr",Third Monday of Jan,1/15/85,1/15/85,1,15,2085,2
Washington's Birthday,Third Monday in Feb,2/19/85,2/19/85,2,19,2085,2
Memorial Day,Last Monday in May,5/28/85,5/28/85,5,28,2085,2
Juneteenth National Independence Day,Annual,6/19/85,6/19/85,6,19,2085,3
Independence Day,Annual,7/4/85,7/4/85,7,4,2085,4
Labor Day,First Monday in Sept,9/3/85,9/3/85,9,3,2085,2
Columbus Day,Second Monday in Oct,10/8/85,10/8/85,10,8,2085,2
Veterans Day,Annual,11/11/85,11/12/85,11,11,2085,1
Thanksgiving Day,Fourth Thursday in Nov,11/22/85,11/22/85,11,22,2085,5
Christmas Day,Annual,12/25/85,12/25/85,12,25,2085,3
New Year's Day,Year Start,1/1/86,1/1/86,1,1,2086,3
"Birthday of Martin Luther King, Jr",Third Monday of Jan,1/21/86,1/21/86,1,21,2086,2
Washington's Birthday,Third Monday in Feb,2/18/86,2/18/86,2,18,2086,2
Memorial Day,Last Monday in May,5/27/86,5/27/86,5,27,2086,2
Juneteenth National Independence Day,Annual,6/19/86,6/19/86,6,19,2086,4
Independence Day,Annual,7/4/86,7/4/86,7,4,2086,5
Labor Day,First Monday in Sept,9/2/86,9/2/86,9,2,2086,2
Columbus Day,Second Monday in Oct,10/14/86,10/14/86,10,14,2086,2
Veterans Day,Annual,11/11/86,11/11/86,11,11,2086,2
Thanksgiving Day,Fourth Thursday in Nov,11/28/86,11/28/86,11,28,2086,5
Christmas Day,Annual,12/25/86,12/25/86,12,25,2086,4
New Year's Day,Year Start,1/1/87,1/1/87,1,1,2087,4
"Birthday of Martin Luther King, Jr",Third Monday of Jan,1/20/87,1/20/87,1,20,2087,2
Washington's Birthday,Third Monday in Feb,2/17/87,2/17/87,2,17,2087,2
Memorial Day,Last Monday in May,5/26/87,5/26/87,5,26,2087,2
Juneteenth National Independence Day,Annual,6/19/87,6/19/87,6,19,2087,5
Independence Day,Annual,7/4/87,7/4/87,7,4,2087,6
Labor Day,First Monday in Sept,9/1/87,9/1/87,9,1,2087,2
Columbus Day,Second Monday in Oct,10/13/87,10/13/87,10,13,2087,2
Veterans Day,Annual,11/11/87,11/11/87,11,11,2087,3
Thanksgiving Day,Fourth Thursday in Nov,11/27/87,11/27/87,11,27,2087,5
Christmas Day,Annual,12/25/87,12/25/87,12,25,2087,5
New Year's Day,Year Start,1/1/88,1/1/88,1,1,2088,5
"Birthday of Martin Luther King, Jr",Third Monday of Jan,1/19/88,1/19/88,1,19,2088,2
Washington's Birthday,Third Monday in Feb,2/16/88,2/16/88,2,16,2088,2
Memorial Day,Last Monday in May,5/24/88,5/24/88,5,24,2088,2
Juneteenth National Independence Day,Annual,6/19/88,6/18/88,6,19,2088,7
Independence Day,Annual,7/4/88,7/5/88,7,4,2088,1
Labor Day,First Monday in Sept,9/6/88,9/6/88,9,6,2088,2
Columbus Day,Second Monday in Oct,10/11/88,10/11/88,10,11,2088,2
Veterans Day,Annual,11/11/88,11/11/88,11,11,2088,5
Thanksgiving Day,Fourth Thursday in Nov,11/25/88,11/25/88,11,25,2088,5
Christmas Day,Annual,12/25/88,12/24/88,12,25,2088,7
New Year's Day,Year Start,1/1/89,12/31/88,1,1,2089,7
"Birthday of Martin Luther King, Jr",Third Monday of Jan,1/17/89,1/17/89,1,17,2089,2
Washington's Birthday,Third Monday in Feb,2/21/89,2/21/89,2,21,2089,2
Memorial Day,Last Monday in May,5/23/89,5/23/89,5,23,2089,2
Juneteenth National Independence Day,Annual,6/19/89,6/20/89,6,19,2089,1
Independence Day,Annual,7/4/89,7/4/89,7,4,2089,2
Labor Day,First Monday in Sept,9/5/89,9/5/89,9,5,2089,2
Columbus Day,Second Monday in Oct,10/10/89,10/10/89,10,10,2089,2
Veterans Day,Annual,11/11/89,11/11/89,11,11,2089,6
Thanksgiving Day,Fourth Thursday in Nov,11/24/89,11/24/89,11,24,2089,5
Christmas Day,Annual,12/25/89,12/26/89,12,25,2089,1
New Year's Day,Year Start,1/1/90,1/2/90,1,1,2090,1
"Birthday of Martin Luther King, Jr",Third Monday of Jan,1/16/90,1/16/90,1,16,2090,2
Washington's Birthday,Third Monday in Feb,2/20/90,2/20/90,2,20,2090,2
Memorial Day,Last Monday in May,5/22/90,5/22/90,5,22,2090,2
Juneteenth National Independence Day,Annual,6/19/90,6/19/90,6,19,2090,2
Independence Day,Annual,7/4/90,7/4/90,7,4,2090,3
Labor Day,First Monday in Sept,9/4/90,9/4/90,9,4,2090,2
Columbus Day,Second Monday in Oct,10/9/90,10/9/90,10,9,2090,2
Veterans Day,Annual,11/11/90,11/10/90,11,11,2090,7
Thanksgiving Day,Fourth Thursday in Nov,11/23/90,11/23/90,11,23,2090,5
Christmas Day,Annual,12/25/90,12/25/90,12,25,2090,2
New Year's Day,Year Start,1/1/91,1/1/91,1,1,2091,2
"Birthday of Martin Luther King, Jr",Third Monday of Jan,1/15/91,1/15/91,1,15,2091,2
Washington's Birthday,Third Monday in Feb,2/19/91,2/19/91,2,19,2091,2
Memorial Day,Last Monday in May,5/28/91,5/28/91,5,28,2091,2
Juneteenth National Independence Day,Annual,6/19/91,6/19/91,6,19,2091,3
Independence Day,Annual,7/4/91,7/4/91,7,4,2091,4
Labor Day,First Monday in Sept,9/3/91,9/3/91,9,3,2091,2
Columbus Day,Second Monday in Oct,10/8/91,10/8/91,10,8,2091,2
Veterans Day,Annual,11/11/91,11/12/91,11,11,2091,1
Thanksgiving Day,Fourth Thursday in Nov,11/22/91,11/22/91,11,22,2091,5
Christmas Day,Annual,12/25/91,12/25/91,12,25,2091,3
New Year's Day,Year Start,1/1/92,1/1/92,1,1,2092,3
"Birthday of Martin Luther King, Jr",Third Monday of Jan,1/21/92,1/21/92,1,21,2092,2
Washington's Birthday,Third Monday in Feb,2/18/92,2/18/92,2,18,2092,2
Memorial Day,Last Monday in May,5/26/92,5/26/92,5,26,2092,2
Juneteenth National Independence Day,Annual,6/19/92,6/19/92,6,19,2092,5
Independence Day,Annual,7/4/92,7/4/92,7,4,2092,6
Labor Day,First Monday in Sept,9/1/92,9/1/92,9,1,2092,2
Columbus Day,Second Monday in Oct,10/13/92,10/13/92,10,13,2092,2
Veterans Day,Annual,11/11/92,11/11/92,11,11,2092,3
Thanksgiving Day,Fourth Thursday in Nov,11/27/92,11/27/92,11,27,2092,5
Christmas Day,Annual,12/25/92,12/25/92,12,25,2092,5
New Year's Day,Year Start,1/1/93,1/1/93,1,1,2093,5
"Birthday of Martin Luther King, Jr",Third Monday of Jan,1/19/93,1/19/93,1,19,2093,2
Washington's Birthday,Third Monday in Feb,2/16/93,2/16/93,2,16,2093,2
Memorial Day,Last Monday in May,5/25/93,5/25/93,5,25,2093,2
Juneteenth National Independence Day,Annual,6/19/93,6/19/93,6,19,2093,6
Independence Day,Annual,7/4/93,7/3/93,7,4,2093,7
Labor Day,First Monday in Sept,9/7/93,9/7/93,9,7,2093,2
Columbus Day,Second Monday in Oct,10/12/93,10/12/93,10,12,2093,2
Veterans Day,Annual,11/11/93,11/11/93,11,11,2093,4
Thanksgiving Day,Fourth Thursday in Nov,11/26/93,11/26/93,11,26,2093,5
Christmas Day,Annual,12/25/93,12/25/93,12,25,2093,6
New Year's Day,Year Start,1/1/94,1/1/94,1,1,2094,6
"Birthday of Martin Luther King, Jr",Third Monday of Jan,1/18/94,1/18/94,1,18,2094,2
Washington's Birthday,Third Monday in Feb,2/15/94,2/15/94,2,15,2094,2
Memorial Day,Last Monday in May,5/24/94,5/24/94,5,24,2094,2
Juneteenth National Independence Day,Annual,6/19/94,6/18/94,6,19,2094,7
Independence Day,Annual,7/4/94,7/5/94,7,4,2094,1
Labor Day,First Monday in Sept,9/6/94,9/6/94,9,6,2094,2
Columbus Day,Second Monday in Oct,10/11/94,10/11/94,10,11,2094,2
Veterans Day,Annual,11/11/94,11/11/94,11,11,2094,5
Thanksgiving Day,Fourth Thursday in Nov,11/25/94,11/25/94,11,25,2094,5
Christmas Day,Annual,12/25/94,12/24/94,12,25,2094,7
New Year's Day,Year Start,1/1/95,12/31/94,1,1,2095,7
"Birthday of Martin Luther King, Jr",Third Monday of Jan,1/17/95,1/17/95,1,17,2095,2
Washington's Birthday,Third Monday in Feb,2/21/95,2/21/95,2,21,2095,2
Memorial Day,Last Monday in May,5/23/95,5/23/95,5,23,2095,2
Juneteenth National Independence Day,Annual,6/19/95,6/20/95,6,19,2095,1
Independence Day,Annual,7/4/95,7/4/95,7,4,2095,2
Labor Day,First Monday in Sept,9/5/95,9/5/95,9,5,2095,2
Columbus Day,Second Monday in Oct,10/10/95,10/10/95,10,10,2095,2
Veterans Day,Annual,11/11/95,11/11/95,11,11,2095,6
Thanksgiving Day,Fourth Thursday in Nov,11/24/95,11/24/95,11,24,2095,5
Christmas Day,Annual,12/25/95,12/26/95,12,25,2095,1
New Year's Day,Year Start,1/1/96,1/2/96,1,1,2096,1
"Birthday of Martin Luther King, Jr",Third Monday of Jan,1/16/96,1/16/96,1,16,2096,2
Washington's Birthday,Third Monday in Feb,2/20/96,2/20/96,2,20,2096,2
Memorial Day,Last Monday in May,5/28/96,5/28/96,5,28,2096,2
Juneteenth National Independence Day,Annual,6/19/96,6/19/96,6,19,2096,3
Independence Day,Annual,7/4/96,7/4/96,7,4,2096,4
Labor Day,First Monday in Sept,9/3/96,9/3/96,9,3,2096,2
Columbus Day,Second Monday in Oct,10/8/96,10/8/96,10,8,2096,2
Veterans Day,Annual,11/11/96,11/12/96,11,11,2096,1
Thanksgiving Day,Fourth Thursday in Nov,11/22/96,11/22/96,11,22,2096,5
Christmas Day,Annual,12/25/96,12/25/96,12,25,2096,3
New Year's Day,Year Start,1/1/97,1/1/97,1,1,2097,3
"Birthday of Martin Luther King, Jr",Third Monday of Jan,1/21/97,1/21/97,1,21,2097,2
Washington's Birthday,Third Monday in Feb,2/18/97,2/18/97,2,18,2097,2
Memorial Day,Last Monday in May,5/27/97,5/27/97,5,27,2097,2
Juneteenth National Independence Day,Annual,6/19/97,6/19/97,6,19,2097,4
Independence Day,Annual,7/4/97,7/4/97,7,4,2097,5
Labor Day,First Monday in Sept,9/2/97,9/2/97,9,2,2097,2
Columbus Day,Second Monday in Oct,10/14/97,10/14/97,10,14,2097,2
Veterans Day,Annual,11/11/97,11/11/97,11,11,2097,2
Thanksgiving Day,Fourth Thursday in Nov,11/28/97,11/28/97,11,28,2097,5
Christmas Day,Annual,12/25/97,12/25/97,12,25,2097,4
New Year's Day,Year Start,1/1/98,1/1/98,1,1,2098,4
"Birthday of Martin Luther King, Jr",Third Monday of Jan,1/20/98,1/20/98,1,20,2098,2
Washington's Birthday,Third Monday in Feb,2/17/98,2/17/98,2,17,2098,2
Memorial Day,Last Monday in May,5/26/98,5/26/98,5,26,2098,2
Juneteenth National Independence Day,Annual,6/19/98,6/19/98,6,19,2098,5
Independence Day,Annual,7/4/98,7/4/98,7,4,2098,6
Labor Day,First Monday in Sept,9/1/98,9/1/98,9,1,2098,2
Columbus Day,Second Monday in Oct,10/13/98,10/13/98,10,13,2098,2
Veterans Day,Annual,11/11/98,11/11/98,11,11,2098,3
Thanksgiving Day,Fourth Thursday in Nov,11/27/98,11/27/98,11,27,2098,5
Christmas Day,Annual,12/25/98,12/25/98,12,25,2098,5
New Year's Day,Year Start,1/1/99,1/1/99,1,1,2099,5
"Birthday of Martin Luther King, Jr",Third Monday of Jan,1/19/99,1/19/99,1,19,2099,2
Washington's Birthday,Third Monday in Feb,2/16/99,2/16/99,2,16,2099,2
Memorial Day,Last Monday in May,5/25/99,5/25/99,5,25,2099,2
Juneteenth National Independence Day,Annual,6/19/99,6/19/99,6,19,2099,6
Independence Day,Annual,7/4/99,7/3/99,7,4,2099,7
Labor Day,First Monday in Sept,9/7/99,9/7/99,9,7,2099,2
Columbus Day,Second Monday in Oct,10/12/99,10/12/99,10,12,2099,2
Veterans Day,Annual,11/11/99,11/11/99,11,11,2099,4
Thanksgiving Day,Fourth Thursday in Nov,11/26/99,11/26/99,11,26,2099,5
Christmas Day,Annual,12/25/99,12/25/99,12,25,2099,6
New Year's Day,Year Start,1/1/00,1/1/00,1,1,2100,6
"Birthday of Martin Luther King, Jr",Third Monday of Jan,1/18/00,1/18/00,1,18,2100,2
Washington's Birthday,Third Monday in Feb,2/15/00,2/15/00,2,15,2100,2
Memorial Day,Last Monday in May,5/24/00,5/24/00,5,24,2100,2
Juneteenth National Independence Day,Annual,6/19/00,6/18/00,6,19,2100,7
Independence Day,Annual,7/4/00,7/5/00,7,4,2100,1
Labor Day,First Monday in Sept,9/6/00,9/6/00,9,6,2100,2
Columbus Day,Second Monday in Oct,10/11/00,10/11/00,10,11,2100,2
Veterans Day,Annual,11/11/00,11/11/00,11,11,2100,5
Thanksgiving Day,Fourth Thursday in Nov,11/25/00,11/25/00,11,25,2100,5
Christmas Day,Annual,12/25/00,12/24/00,12,25,2100,7